{
  "so101": {
    "action": {
      "mean": [
        9.9034899903927e-05,
        -3.222825762350112e-05,
        8.190793596440926e-05,
        -2.0598608898581006e-05,
        -3.904930781573057e-05,
        -1.9207804143661633e-05,
        0.15327881276607513
      ],
      "std": [
        0.0023020037915557623,
        0.002946971682831645,
        0.0024323505349457264,
        0.0026185375172644854,
        0.01241155993193388,
        0.012715263292193413,
        0.36025893688201904
      ],
      "min": [
        -0.02778935246169567,
        -0.035103652626276016,
        -0.022701887413859367,
        -0.01518393587321043,
        -0.19446490705013275,
        -0.15431852638721466,
        0.0
      ],
      "max": [
        0.03022959642112255,
        0.030446508899331093,
        0.028109552338719368,
        0.03724773973226547,
        0.09285464137792587,
        0.269438236951828,
        1.0
      ],
      "q01": [
        -0.0052330739796161655,
        -0.008966541662812234,
        -0.005362004302442074,
        -0.007429364323616028,
        -0.035425834208726886,
        -0.036028748154640196,
        0.0
      ],
      "q99": [
        0.006110649164766085,
        0.00806362118571997,
        0.007789695896208287,
        0.008762534670531763,
        0.031934893429279375,
        0.033018844872713275,
        1.0
      ],
      "mask": [
        true,
        true,
        true,
        true,
        true,
        true,
        false
      ]
    },
    "num_trajectories": 28,
    "num_transitions": 6237,
    "proprio": {
      "mean": [
        0.0,
        0.0,
        0.0,
        0.0,
        0.0,
        0.0,
        0.0
      ],
      "std": [
        0.0,
        0.0,
        0.0,
        0.0,
        0.0,
        0.0,
        0.0
      ],
      "min": [
        0.0,
        0.0,
        0.0,
        0.0,
        0.0,
        0.0,
        0.0
      ],
      "max": [
        0.0,
        0.0,
        0.0,
        0.0,
        0.0,
        0.0,
        0.0
      ],
      "q01": [
        0.0,
        0.0,
        0.0,
        0.0,
        0.0,
        0.0,
        0.0
      ],
      "q99": [
        0.0,
        0.0,
        0.0,
        0.0,
        0.0,
        0.0,
        0.0
      ]
    }
  }
}